Fecha,Hora,DÃ­a,Contenido,CategorÃ­a,Hashtags
"7/11/2025","10:00","viernes","ğŸ‰ Â¡Viernes de relax! Termina la semana en CafÃ© Viviates con la mejor vista al atardecer. El lugar perfecto para desconectar y disfrutar Loja. Consulta disponibilidad

#ViernesRelax #AtardecerLoja #CafeViviates #FinDeSemana","daily","#ViernesRelax #AtardecerLoja #CafeViviates #FinDeSemana"
"9/11/2025","09:00","domingo","ğŸ½ï¸ Domingos de sabor lojano. Disfruta el desayuno tradicional: repe, cecina, quesillo y por supuesto, el mejor cafÃ© de la regiÃ³n en CafÃ© Viviates. Consulta disponibilidad

#DomingoGastronomico #DesayunoLojano #SaborTradicional #RepeLojan","daily","#DomingoGastronomico #DesayunoLojano #SaborTradicional #RepeLojan"
"10/11/2025","09:00","lunes","ğŸ“ Temporada de graduaciones UTPL. Familias de todo Ecuador confÃ­an en Eudiq Hotel por nuestra ubicaciÃ³n estratÃ©gica y servicio personalizado. Â¡Celebra el Ã©xito con nosotros! Consulta disponibilidad

#GraduacionesUTPL #HospedajeFamiliar #CelebracionExito #EudiqHotel","graduacionesUTPL","#GraduacionesUTPL #HospedajeFamiliar #CelebracionExito #EudiqHotel"
"12/11/2025","09:30","miÃ©rcoles","ğŸ“ Temporada de graduaciones UTPL. Familias de todo Ecuador confÃ­an en Eudiq Hotel por nuestra ubicaciÃ³n estratÃ©gica y servicio personalizado. Â¡Celebra el Ã©xito con nosotros! Consulta disponibilidad

#GraduacionesUTPL #HospedajeFamiliar #CelebracionExito #EudiqHotel","graduacionesUTPL","#GraduacionesUTPL #HospedajeFamiliar #CelebracionExito #EudiqHotel"
"14/11/2025","10:00","viernes","ğŸ“ Temporada de graduaciones UTPL. Familias de todo Ecuador confÃ­an en Eudiq Hotel por nuestra ubicaciÃ³n estratÃ©gica y servicio personalizado. Â¡Celebra el Ã©xito con nosotros! Consulta disponibilidad

#GraduacionesUTPL #HospedajeFamiliar #CelebracionExito #EudiqHotel","graduacionesUTPL","#GraduacionesUTPL #HospedajeFamiliar #CelebracionExito #EudiqHotel"
"16/11/2025","09:00","domingo","ğŸ“ Temporada de graduaciones UTPL. Familias de todo Ecuador confÃ­an en Eudiq Hotel por nuestra ubicaciÃ³n estratÃ©gica y servicio personalizado. Â¡Celebra el Ã©xito con nosotros! Consulta disponibilidad

#GraduacionesUTPL #HospedajeFamiliar #CelebracionExito #EudiqHotel","graduacionesUTPL","#GraduacionesUTPL #HospedajeFamiliar #CelebracionExito #EudiqHotel"
"17/11/2025","09:00","lunes","ğŸ“ Temporada de graduaciones UTPL. Familias de todo Ecuador confÃ­an en Eudiq Hotel por nuestra ubicaciÃ³n estratÃ©gica y servicio personalizado. Â¡Celebra el Ã©xito con nosotros! Consulta disponibilidad

#GraduacionesUTPL #HospedajeFamiliar #CelebracionExito #EudiqHotel","graduacionesUTPL","#GraduacionesUTPL #HospedajeFamiliar #CelebracionExito #EudiqHotel"
"19/11/2025","09:30","miÃ©rcoles","ğŸ“ Temporada de graduaciones UTPL. Familias de todo Ecuador confÃ­an en Eudiq Hotel por nuestra ubicaciÃ³n estratÃ©gica y servicio personalizado. Â¡Celebra el Ã©xito con nosotros! Consulta disponibilidad

#GraduacionesUTPL #HospedajeFamiliar #CelebracionExito #EudiqHotel","graduacionesUTPL","#GraduacionesUTPL #HospedajeFamiliar #CelebracionExito #EudiqHotel"
"21/11/2025","10:00","viernes","ğŸ“ Temporada de graduaciones UTPL. Familias de todo Ecuador confÃ­an en Eudiq Hotel por nuestra ubicaciÃ³n estratÃ©gica y servicio personalizado. Â¡Celebra el Ã©xito con nosotros! Consulta disponibilidad

#GraduacionesUTPL #HospedajeFamiliar #CelebracionExito #EudiqHotel","graduacionesUTPL","#GraduacionesUTPL #HospedajeFamiliar #CelebracionExito #EudiqHotel"
"23/11/2025","09:00","domingo","ğŸ“ Temporada de graduaciones UTPL. Familias de todo Ecuador confÃ­an en Eudiq Hotel por nuestra ubicaciÃ³n estratÃ©gica y servicio personalizado. Â¡Celebra el Ã©xito con nosotros! Consulta disponibilidad

#GraduacionesUTPL #HospedajeFamiliar #CelebracionExito #EudiqHotel","graduacionesUTPL","#GraduacionesUTPL #HospedajeFamiliar #CelebracionExito #EudiqHotel"
"24/11/2025","09:00","lunes","ğŸ­ Festival de las Artes Loja 2025. HospÃ©date en Eudiq Hotel y vive la cultura lojana de cerca. Arte, mÃºsica y tradiciÃ³n a pasos de tu habitaciÃ³n. Consulta disponibilidad

#FestivalArtes2025 #CulturaLoja #ArteYMusica #TradicionLojana","festivalArtes","#FestivalArtes2025 #CulturaLoja #ArteYMusica #TradicionLojana"
"26/11/2025","09:30","miÃ©rcoles","ğŸ›ï¸ Mitad de semana, comodidad total. Habitaciones equipadas, WiFi gratis, desayuno incluido y la tranquilidad de estar en el mejor lugar de Loja. Consulta disponibilidad

#MiercolesComodo #HabitacionesEquipadas #WifiGratis #DesayunoIncluido","daily","#MiercolesComodo #HabitacionesEquipadas #WifiGratis #DesayunoIncluido"
"28/11/2025","10:00","viernes","ğŸ‰ Â¡Viernes de relax! Termina la semana en CafÃ© Viviates con la mejor vista al atardecer. El lugar perfecto para desconectar y disfrutar Loja. Consulta disponibilidad

#ViernesRelax #AtardecerLoja #CafeViviates #FinDeSemana","daily","#ViernesRelax #AtardecerLoja #CafeViviates #FinDeSemana"
"30/11/2025","09:00","domingo","ğŸ½ï¸ Domingos de sabor lojano. Disfruta el desayuno tradicional: repe, cecina, quesillo y por supuesto, el mejor cafÃ© de la regiÃ³n en CafÃ© Viviates. Consulta disponibilidad

#DomingoGastronomico #DesayunoLojano #SaborTradicional #RepeLojan","daily","#DomingoGastronomico #DesayunoLojano #SaborTradicional #RepeLojan"
"1/12/2025","09:00","lunes","ğŸŒŸ Â¡Nueva semana, nuevas oportunidades! Eudiq Hotel te recibe con la mejor ubicaciÃ³n de Loja: diagonal al Terminal Terrestre y a pasos del Parque Jipiro. Consulta disponibilidad

#LunesMotivacion #UbicacionPerfecta #EudiqHotel #LojaEcuador","daily","#LunesMotivacion #UbicacionPerfecta #EudiqHotel #LojaEcuador"
"3/12/2025","09:30","miÃ©rcoles","ğŸ›ï¸ Mitad de semana, comodidad total. Habitaciones equipadas, WiFi gratis, desayuno incluido y la tranquilidad de estar en el mejor lugar de Loja. Consulta disponibilidad

#MiercolesComodo #HabitacionesEquipadas #WifiGratis #DesayunoIncluido","daily","#MiercolesComodo #HabitacionesEquipadas #WifiGratis #DesayunoIncluido"
"5/12/2025","10:00","viernes","ğŸ‰ Â¡Viernes de relax! Termina la semana en CafÃ© Viviates con la mejor vista al atardecer. El lugar perfecto para desconectar y disfrutar Loja. Consulta disponibilidad

#ViernesRelax #AtardecerLoja #CafeViviates #FinDeSemana","daily","#ViernesRelax #AtardecerLoja #CafeViviates #FinDeSemana"